seller_id,seller_state,orders_all,orders_revenue_eligible,gmv_revenue_eligible,avg_order_gmv_revenue_eligible,late_delivery_rate,cancellation_rate,avg_review_score
4869f7a5dfa277a7dca6462dcf3b52b2,SP,1132,1131,249393.4400000002,220.50702033598603,0.11484098939929328,0.0008833922261484099,4.133451957295374
7c67e1448b00f6e969d365cea6b010ab,SP,982,982,239536.43999999983,243.92712830957214,0.09979633401221996,0.0,3.481404958677686
53243585a1d6dc2643021fd1853d8905,BA,358,358,235856.68000000023,658.817541899442,0.04189944134078212,0.0,4.132022471910112
4a3ca9315b744ce9f8e9374361493884,SP,1806,1804,235359.30000000072,130.46524390243943,0.1079734219269103,0.0011074197120708748,3.827226606538895
fa1c13f2614d7b5c4749cbc52fecda94,SP,585,584,202861.66999999966,347.36587328767064,0.10085470085470086,0.0017094017094017094,4.339070567986231
da8622b14eb17ae2831f4ac5b9dab84a,SP,1314,1314,185192.31999999972,140.93783866057817,0.076103500761035,0.0,4.178792569659443
7e93a43ef30c4f03f38b393420bc753a,SP,336,332,178838.42000000013,538.6699397590365,0.05357142857142857,0.011904761904761904,4.212574850299402
1025f0e2d44d7041d6cf58b6550e0bfa,SP,915,915,172860.69000000003,188.91878688524594,0.1005464480874317,0.0,4.004469273743017
7a67c85e85bb2ce8582c35f2203ad736,SP,1160,1159,162607.24000000008,140.29960310612603,0.05862068965517241,0.0008620689655172414,4.24370112945265
955fee9216a65b617aa5c0531780ce60,SP,1287,1286,160582.89999999985,124.87006220839801,0.07614607614607614,0.000777000777000777,4.156739811912225
6560211a19b47992c3666cc44a7e94c0,SP,1854,1847,150522.0200000005,81.49540877098025,0.06310679611650485,0.0037756202804746495,3.9382176052487696
1f50f920176fa81dab994f9023523100,SP,1404,1403,142037.4800000004,101.23840342124048,0.10541310541310542,0.0007122507122507123,4.134505021520804
46dc3b2cc0980fb8ec44634e21d2718e,RJ,521,518,138919.77999999994,268.18490347490336,0.06333973128598848,0.005758157389635317,4.194174757281553
a1043bafd471dff536d0c462352beb48,MG,718,715,133195.80000000013,186.28783216783236,0.055710306406685235,0.004178272980501393,4.222377622377622
cc419e0650a3c5ba77189a1882b7556a,SP,1706,1697,129169.94999999956,76.11664702416003,0.05920281359906213,0.005275498241500586,4.080132052821129
620c87c171fb2a6dd6e8bb4dec959fc6,RJ,740,732,127674.78000000014,174.41909836065594,0.0972972972972973,0.010810810810810811,4.246913580246914
5dceca129747e92ff8ef7a997dc4f8ca,SP,325,324,125737.68,388.07925925925923,0.06153846153846154,0.003076923076923077,3.98125
7d13fca15225358621be4086e1eb0964,SP,565,565,122261.01999999965,216.39118584070735,0.12035398230088495,0.0,4.024955436720143
3d871de0142ce09b7081e2b9d1733cb1,SP,1080,1076,116835.80000000028,108.58345724907089,0.058333333333333334,0.003703703703703704,4.153846153846154
edb1ef5e36e0c8cd84eb3c9b003e486d,RJ,166,166,83189.6500000001,501.14246987951867,0.0783132530120482,0.0,4.421686746987952
ccc4bbb5f32a6ab2b7066a4130f114e3,PR,187,187,79261.59999999996,423.85882352941155,0.0748663101604278,0.0,4.28494623655914
cca3071e3e9bb7d12640c9fbe2301306,SP,712,711,78341.28999999986,110.18465541490839,0.05758426966292135,0.0014044943820224719,3.868731563421829
8581055ce74af1daba164fdbd55a40de,SP,387,385,74137.92000000004,192.56602597402608,0.09819121447028424,0.00516795865633075,4.2643979057591626
f7ba60f8c3f99e7ee4042fdef03b70c4,SP,219,219,72736.01000000001,332.12789954337904,0.1552511415525114,0.0,4.205479452054795
fe2032dab1a61af8794248c8196565c9,SP,294,294,70680.94999999998,240.41139455782306,0.08843537414965986,0.0,4.399305555555555
de722cd6dad950a92b7d4f82673f8833,PE,339,339,65112.74999999997,192.07300884955743,0.04424778761061947,0.0,4.293768545994065
7ddcbb64b5bc1ef36ca8c151f6ec77df,SP,334,332,63291.00000000001,190.63554216867473,0.08383233532934131,0.005988023952095809,3.963636363636364
04308b1ee57b6625f47df1d56f00eedf,SC,94,94,63184.98999999996,672.1807446808507,0.11702127659574468,0.0,3.913978494623656
f8db351d8c4c4c22c6835c19a46f01b0,SP,667,666,63045.44999999987,94.66283783783764,0.050974512743628186,0.0014992503748125937,4.238670694864048
218d46b86c1881d022bce9c68a7d4b15,SP,388,387,62273.20000000001,160.91266149870805,0.09278350515463918,0.002577319587628866,4.1569920844327175
522620dcb18a6b31cd7bdf73665113a9,PR,174,174,61829.810000000005,355.34373563218395,0.10344827586206896,0.0,3.905325443786982
25c5c91f63607446a97b143d2d535d31,MG,158,158,61679.33000000001,390.375506329114,0.06962025316455696,0.0,3.8214285714285716
37be5a7c751166fbc5f8ccba4119e043,SP,272,272,61433.87999999991,225.85985294117614,0.025735294117647058,0.0,4.307984790874524
17e34d8224d27a541263c4c64b11a56b,SP,255,253,60678.669999999984,239.83664031620546,0.08235294117647059,0.00784313725490196,4.1857707509881426
ceaec5548eefc6e23e6607c5435102e7,SP,203,201,58777.01999999999,292.4229850746268,0.059113300492610835,0.009852216748768473,4.1457286432160805
17f51e7198701186712e53a39c564617,SP,56,56,57812.42999999999,1032.3648214285713,0.08928571428571429,0.0,4.339285714285714
b2ba3715d723d245138f291a6fe42594,SP,337,333,57409.839999999975,172.40192192192185,0.08605341246290801,0.011869436201780416,4.093373493975903
f5a590cf36251cf1162ea35bef76fe84,SP,117,114,55868.96000000003,490.0785964912283,0.10256410256410256,0.02564102564102564,4.230769230769231
77530e9772f57a62c906e1c21538ab82,PR,320,319,54904.87,172.1155799373041,0.1125,0.003125,4.110410094637224
8160255418d5aaa7dbdc9f4c64ebda44,SP,385,385,54871.50000000006,142.52337662337678,0.16363636363636364,0.0,3.931578947368421
ea8482cd71df3c1969d7b9473ff13abc,SP,1146,1145,54684.51999999934,47.75940611353654,0.10296684118673648,0.0008726003490401396,3.9956101843722562
e882b2a25a10b9c057cc49695f222c19,RJ,57,57,53913.76,945.8554385964912,0.0,0.0,4.578947368421052
4e922959ae960d389249c378d1c939f5,SP,420,420,53304.74999999994,126.91607142857129,0.10476190476190476,0.0,3.9565217391304346
e9779976487b77c6d4ac45f75ec7afe9,SP,657,656,53255.810000000005,81.18263719512196,0.0715372907153729,0.0015220700152207,4.213517665130568
966cb4760537b1404caedd472cc610a5,SP,75,75,52935.86999999998,705.8115999999998,0.02666666666666667,0.0,3.864864864864865
2bf6a2c1e71bbd29a4ad64e6d3c3629f,RJ,30,30,51629.49,1720.983,0.1,0.0,4.166666666666667
4d6d651bd7684af3fffabd5f08d12e5a,SP,369,368,51400.289999999964,139.67470108695642,0.04607046070460705,0.0027100271002710027,4.188524590163935
c826c40d7b19f62a09e2d7c5e7295ee2,SP,354,354,51217.22000000005,144.68141242937867,0.09322033898305085,0.0,4.079545454545454
d91fb3b7d041e83b64a00a3edfb37e4f,SP,535,535,50180.51000000003,93.79534579439259,0.0616822429906542,0.0,4.093915343915344
391fc6631aebcf3004804e51b40bcf1e,SP,526,526,50142.83,95.3285741444867,0.10266159695817491,0.0,4.030888030888031
17a053fcb14bd219540cbde0df490be0,SP,125,125,49531.56999999998,396.25255999999985,0.08,0.0,4.227642276422764
c3cfdc648177fdbbbb35635a37472c53,PR,278,278,49127.80999999999,176.7187410071942,0.025179856115107913,0.0,4.466911764705882
06a2c3af7b3aee5d69171b0e14f0ee87,MA,392,392,48550.23999999996,123.85265306122439,0.22959183673469388,0.0,3.9896907216494846
850f4f8af5ea87287ac68de36e29107f,SP,187,187,48469.77000000004,259.196631016043,0.06417112299465241,0.0,4.293478260869565
b33e7c55446eabf8fe1a42d037ac7d6d,SP,152,152,47710.23999999997,313.88315789473666,0.125,0.0,4.1644736842105265
eeb6de78f79159600292e314a77cbd18,SC,83,83,46795.279999999984,563.7985542168673,0.03614457831325301,0.0,4.445783132530121
712e6ed8aa4aa1fa65dab41fed5737e4,SC,79,79,46704.130000000005,591.1915189873419,0.21518987341772153,0.0,3.3766233766233764
2eb70248d66e0e3ef83659f71b244378,SP,202,202,45860.1,227.030198019802,0.12871287128712872,0.0,2.6954314720812182
ba90964cff9b9e0e6f32b23b82465f7b,SP,38,38,45523.50000000001,1197.9868421052633,0.05263157894736842,0.0,4.421052631578948
634964b17796e64304cadf1ad3050fb7,RJ,268,267,45296.00999999995,169.6479775280897,0.10074626865671642,0.0037313432835820895,4.037453183520599
7142540dd4c91e2237acb7e911c4eba2,SP,319,319,44289.160000000025,138.83749216300947,0.08150470219435736,0.0,4.044303797468355
834f3294fba9f932f56edc879193f925,SP,66,66,44207.42,669.8093939393939,0.06060606060606061,0.0,4.553846153846154
b839e41795b7f3ad94cc2014a52f6796,SP,33,33,43749.92999999999,1325.7554545454543,0.030303030303030304,0.0,4.090909090909091
1835b56ce799e6a4dc4eddc053f04066,SP,423,423,42086.16000000006,99.49446808510653,0.11583924349881797,0.0,3.6312649164677806
dbc22125167c298ef99da25668e1011f,MG,406,402,41502.710000000036,103.24057213930357,0.024630541871921183,0.009852216748768473,4.26980198019802
7178f9f4dd81dcef02f62acdf8151e01,SC,203,203,41478.919999999984,204.3296551724137,0.04926108374384237,0.0,4.044554455445544
c3867b4666c7d76867627c2f7fb22e21,SP,245,240,41454.06999999999,172.72529166666664,0.11020408163265306,0.02040816326530612,3.899159663865546
7299e27ed73d2ad986de7f7c77d919fa,MG,338,337,41060.32999999995,121.84074183976247,0.047337278106508875,0.0029585798816568047,4.420118343195266
c70c1b0d8ca86052f45a432a38b73958,SP,261,261,40476.27999999994,155.08153256704958,0.0842911877394636,0.0,4.375
53e4c6e0f4312d4d2107a8c9cddf45cd,SP,473,471,39796.840000000026,84.49435244161364,0.052854122621564484,0.004228329809725159,4.084925690021231
855668e0971d4dfd7bef1b6a4133b41b,SP,312,310,39638.93999999998,127.8675483870967,0.1346153846153846,0.00641025641025641,3.7679738562091503
e9bc59e7b60fc3063eb2290deda4cced,PR,216,215,38940.579999999994,181.11897674418603,0.10648148148148148,0.004629629629629629,3.990740740740741
87142160b41353c4e5fca2360caf6f92,RS,305,305,38314.30999999997,125.62068852459007,0.05573770491803279,0.0,4.400662251655629
0241d4d5d36f10f80c644447315af0bd,PR,238,238,38251.61000000004,160.7210504201682,0.058823529411764705,0.0,4.3474576271186445
76d5af76d0271110f9af36c92573f765,SP,131,131,37541.56,286.5767938931298,0.0916030534351145,0.0,4.133858267716535
9c0e69c7bf2619675bbadf47b43f655a,SP,157,156,36524.19999999999,234.1294871794871,0.10191082802547771,0.006369426751592357,4.0816993464052285
70a12e78e608ac31179aea7f8422044b,SP,315,315,36465.43999999989,115.76330158730124,0.10793650793650794,0.0,3.7942122186495175
2528513dd95219a6013d4d05176e391a,SP,161,160,36400.97000000003,227.50606250000018,0.049689440993788817,0.006211180124223602,3.968152866242038
88460e8ebdecbfecb5f9601833981930,PR,248,247,36377.40000000004,147.27692307692323,0.1935483870967742,0.004032258064516129,3.4300411522633745
1554a68530182680ad5c8b042c3ab563,MG,247,247,35850.79000000001,145.14489878542514,0.06882591093117409,0.0,4.310699588477366
7681ef142fd2c19048da7430856b5588,SP,59,59,34857.92999999999,590.8123728813558,0.13559322033898305,0.0,4.157894736842105
70eea00b476a314817cefde4aad4f89a,SP,108,108,34764.16999999998,321.8904629629628,0.07407407407407407,0.0,4.377358490566038
5c243662ce92d84573bfaff24c3e3700,SP,98,98,34637.659999999996,353.4455102040816,0.030612244897959183,0.0,4.144329896907217
001cca7ae9ae17fb1caed9dfb1094831,ES,200,200,33934.17000000003,169.67085000000014,0.065,0.0,3.984771573604061
e59aa562b9f8076dd550fcddf0e73491,PR,70,70,33803.96999999998,482.91385714285684,0.1,0.0,4.214285714285714
1900267e848ceeba8fa32d80c1a5f5a8,SP,411,411,33120.59,80.58537712895377,0.10218978102189781,0.0,3.8428927680798006
9f505651f4a6abe901a56cdc21508025,SP,397,397,32391.859999999982,81.59158690176318,0.05037783375314862,0.0,4.338422391857506
d1c281d3ae149232351cd8c8cc885f0d,SP,215,215,32339.060000000005,150.41423255813956,0.08837209302325581,0.0,3.8155339805825244
0b90b6df587eb83608a64ea8b390cf07,PR,164,164,32207.639999999996,196.3880487804878,0.036585365853658534,0.0,4.009375
59b22a78efb79a4797979612b885db36,MG,125,125,32082.06999999999,256.6565599999999,0.128,0.0,3.9838709677419355
d23019c84ffae2d5ef2270367b8605fc,PR,39,39,31954.840000000004,819.3548717948719,0.02564102564102564,0.0,4.410256410256411
a3a38f4affed601eb87a97788c949667,SC,254,254,31775.269999999986,125.09948818897632,0.047244094488188976,0.0,4.383064516129032
8b321bb669392f5163d04c59e235e066,SP,943,943,31692.05,33.6076882290562,0.10286320254506894,0.0,4.077825159914712
900ba814c251a692506d7834c1218441,SP,88,88,31467.940000000002,357.5902272727273,0.13636363636363635,0.0,4.188235294117647
16090f2ca825584b5a147ab24aa30c86,SP,402,402,31173.110000000026,77.54504975124385,0.10696517412935323,0.0,4.06
d2374cbcbb3ca4ab1086534108cc3ab7,SP,524,523,30774.79999999999,58.84282982791585,0.05725190839694656,0.0019083969465648854,3.771037181996086
12b9676b00f60f3b700e83af21824c0e,RS,135,134,30128.530000000002,224.839776119403,0.014814814814814815,0.007407407407407408,4.548872180451128
7e1fb0a3ebfb01ffb3a7dae98bf3238d,SP,159,157,30005.889999999956,191.1203184713373,0.12578616352201258,0.012578616352201259,4.161290322580645
c003204e1ab016dfa150abc119207b24,SP,197,197,29850.889999999992,151.52736040609133,0.06598984771573604,0.0,4.448979591836735
b32be1695eb7ec5f10f72d9610a12527,RS,45,45,29831.01999999999,662.9115555555553,0.044444444444444446,0.0,4.068181818181818
897060da8b9a21f655304d50fd935913,SP,317,316,29553.850000000017,93.52484177215196,0.11356466876971609,0.0031545741324921135,3.625
de23c3b98a88888289c6f5cc1209054a,SP,164,163,28892.740000000005,177.25607361963193,0.0975609756097561,0.006097560975609756,4.276073619631902
dc4a0fc896dc34b0d5bfec8438291c80,SP,231,231,28795.089999999982,124.6540692640692,0.06493506493506493,0.0,3.821266968325792
a416b6a846a11724393025641d4edd5e,SP,162,157,27865.799999999992,177.48917197452224,0.12345679012345678,0.030864197530864196,4.154320987654321
710e3548e02bc1d2831dfc4f1b5b14d4,PR,136,136,27855.069999999992,204.81669117647053,0.04411764705882353,0.0,3.362962962962963
1c68394e931a64f90ea236c5ea590300,PR,142,142,27729.160000000007,195.27577464788737,0.035211267605633804,0.0,3.9452554744525545
1a3df491d1c4f1589fc2b934ada68bf2,SC,167,167,27594.120000000003,165.234251497006,0.05389221556886228,0.0,4.188622754491018
f62d7bb4a613ec758a03342d46b580b2,MG,32,32,26790.590000000004,837.2059375000001,0.125,0.0,4.375
b94cc9f10ddc85e4ba73a6f7974e7101,RJ,39,39,26368.489999999994,676.115128205128,0.07692307692307693,0.0,4.297297297297297
7ad32824caee82087b3e2e5f33b1bf32,SP,151,151,26050.320000000018,172.51867549668887,0.1390728476821192,0.0,3.863013698630137
8f2ce03f928b567e3d56181ae20ae952,SP,153,153,25550.010000000017,166.99352941176483,0.1503267973856209,0.0,4.105263157894737
729f06993dac8e860d4f02d7088ca48a,SP,96,96,25479.649999999994,265.4130208333333,0.11458333333333333,0.0,4.168421052631579
f45122a9ab94eb4f3f8953578bc0c560,SP,187,187,25404.13,135.8509625668449,0.0748663101604278,0.0,3.9572192513368982
612170e34b97004b3ba37eae81836b4c,RS,107,107,25372.079999999998,237.1222429906542,0.018691588785046728,0.0,4.429906542056075
2b3e4a2a3ea8e01938cabda2a3e5cc79,SP,52,52,24535.099999999988,471.8288461538459,0.0,0.0,4.365384615384615
744dac408745240a2c2528fb1b6028f3,PR,79,79,24385.020000000008,308.6711392405064,0.012658227848101266,0.0,4.569620253164557
06e5eefc71ec47ae763c5c6f8db7064f,RS,92,92,24381.84,265.02,0.021739130434782608,0.0,3.955056179775281
8444e55c1f13cd5c179851e5ca5ebd00,MG,99,95,23983.910000000007,252.46221052631586,0.06060606060606061,0.04040404040404041,3.268041237113402
85d9eb9ddc5d00ca9336a2219c97bb13,MG,509,508,23983.579999999965,47.21177165354324,0.03536345776031434,0.0019646365422396855,4.194
05ff92fedb5be47920fea08e501238b9,RS,59,59,23808.169999999995,403.5283050847457,0.05084745762711865,0.0,4.258620689655173
0dd184061fb0eaa7ca37932c68ab91c5,SP,161,161,23766.419999999987,147.61751552795022,0.11801242236024845,0.0,4.0251572327044025
59fb871bf6f4522a87ba567b42dafecf,SP,126,126,23754.76000000001,188.52984126984134,0.06349206349206349,0.0,4.232
00ee68308b45bc5e2660cd833c3f81cc,SP,135,135,23440.659999999993,173.63451851851846,0.08888888888888889,0.0,4.293233082706767
7b0df942f46435babab05d49b744b2c4,SP,32,32,23272.78,727.274375,0.09375,0.0,4.387096774193548
004c9cd9d87a3c30c522c48c4fc07416,SP,158,158,23263.93999999998,147.24012658227835,0.08227848101265822,0.0,4.183673469387755
bfd27a966d91cfaafdb25d076585f0da,SP,117,117,22645.049999999996,193.54743589743586,0.05128205128205128,0.0,4.278260869565218
dc317f341ab0e22f39acbd9dbf9b4a1f,RS,55,55,22570.130000000012,410.3660000000002,0.05454545454545454,0.0,4.1454545454545455
f457c46070d02cadd8a68551231220dd,PR,199,196,22552.05000000001,115.06147959183679,0.06030150753768844,0.01507537688442211,3.804232804232804
48162d548f5b1b11b9d29d1e01f75a61,SP,68,67,22277.780000000006,332.5041791044777,0.029411764705882353,0.014705882352941176,3.8955223880597014
44073f8b7e41514de3b7815dd0237f4f,DF,144,144,21901.930000000008,152.09673611111117,0.034722222222222224,0.0,3.7552447552447554
128639473a139ac0f3e5f5ade55873a5,PR,533,533,21694.44999999998,40.7025328330206,0.06191369606003752,0.0,4.185958254269449
0c8380b62e38e8a1e6adbeba7eb9688c,MG,182,182,21455.829999999998,117.88917582417581,0.054945054945054944,0.0,4.033519553072626
41b39e28db005d9731d9d485a83b4c38,SP,195,193,20769.280000000006,107.61284974093267,0.06153846153846154,0.010256410256410256,4.05
54a1852d1b8f10312c55e906355666ee,SP,200,200,20614.40000000001,103.07200000000005,0.095,0.0,4.333333333333333
7aa4334be125fcdd2ba64b3180029f14,SP,217,217,20603.330000000034,94.94622119815683,0.1336405529953917,0.0,4.102325581395349
cd68562d3f44870c08922d380acae552,SP,125,124,20564.140000000014,165.83983870967754,0.176,0.008,3.943548387096774
86ccac0b835037332a596a33b6949ee1,SC,180,179,20544.130000000005,114.77167597765366,0.03333333333333333,0.005555555555555556,4.198324022346369
fa40cc5b934574b62717c68f3d678b6d,SP,307,306,20519.090000000007,67.05584967320264,0.06188925081433225,0.003257328990228013,4.472131147540984
76d64c4aca3a7baf218bf93ef7fa768d,PR,64,64,20455.290000000008,319.6139062500001,0.03125,0.0,4.21875
96493fab2fbb13a14d0c0e8772eef5c3,SP,63,63,20181.23,320.33698412698413,0.06349206349206349,0.0,4.064516129032258
d650b663c3b5f6fb392b6326366efa9a,SP,60,60,20153.039999999997,335.88399999999996,0.06666666666666667,0.0,4.2
2a5b78b41cd05baeac8df54c6606b92c,MG,49,49,20132.829999999994,410.874081632653,0.02040816326530612,0.0,4.326530612244898
1e8b33f18b4f7598d87f5cbee2282cc2,SP,123,123,20011.299999999992,162.6934959349593,0.04878048780487805,0.0,4.371900826446281
527801b552d0077ffd170872eb49683b,SP,90,90,20005.360000000004,222.28177777777782,0.1,0.0,4.47191011235955
c33847515fa6305ce6feb1e818569f13,SC,114,114,19894.260000000006,174.511052631579,0.043859649122807015,0.0,3.8508771929824563
4b9750c8ad28220fe6702d4ecb7c898f,SP,218,218,19305.100000000006,88.555504587156,0.0779816513761468,0.0,4.359447004608295
9de4643a8dbde634fe55621059d92273,SC,72,72,19282.410000000003,267.81125000000003,0.041666666666666664,0.0,4.527777777777778
79ebd9a61bac3eaf882805ed4ecfa12a,PR,136,136,19105.139999999992,140.47897058823523,0.058823529411764705,0.0,4.044117647058823
165fc07beebdcb6190fba8a06db2a449,PR,50,50,19081.429999999997,381.62859999999995,0.12,0.0,3.8333333333333335
4c2b230173bb36f9b240f2b8ac11786e,SP,261,261,18989.840000000015,72.75800766283531,0.09961685823754789,0.0,3.972762645914397
2a84855fd20af891be03bc5924d2b453,MG,164,161,18927.79999999999,117.56397515527944,0.03048780487804878,0.018292682926829267,4.25
a888faf2d1baececa6baf9c3d603ee1f,PR,54,54,18887.320000000003,349.76518518518526,0.14814814814814814,0.0,4.037037037037037
213b25e6f54661939f11710a6fddb871,SP,155,155,18839.959999999995,121.54812903225803,0.08387096774193549,0.0,3.7857142857142856
94144541854e298c2d976cb893b81343,RS,68,68,18715.65,275.23014705882355,0.04411764705882353,0.0,4.253731343283582
ef0ace09169ac090589d85746e3e036f,RJ,129,129,18538.950000000004,143.71279069767445,0.08527131782945736,0.0,4.372093023255814
2138ccb85b11a4ec1e37afbd1c8eda1f,SP,396,393,18278.40000000003,46.50992366412221,0.05303030303030303,0.007575757575757576,3.9440203562340965
abe42c5d03695b4257b5c6cbf4e6784e,RJ,50,50,18158.229999999996,363.1645999999999,0.16,0.0,3.9183673469387754
0adac9fbd9a2b63cccaac4f8756c1ca8,SP,110,107,18112.80000000001,169.2785046728973,0.06363636363636363,0.02727272727272727,4.05607476635514
229c3efbfb0ea2058de4ccdfbc3d784a,MG,121,121,18106.57,149.6410743801653,0.01652892561983471,0.0,3.625
1b4c3a6f53068f0b6944d2d005c9fc89,SC,113,113,17791.66999999999,157.44840707964593,0.061946902654867256,0.0,4.214285714285714
8ae520247981aa06bc94abddf5f46d34,SC,65,65,17766.340000000004,273.32830769230776,0.015384615384615385,0.0,4.446153846153846
01fdefa7697d26ad920e9e0346d4bd1b,PR,129,129,17690.06999999999,137.13232558139526,0.06201550387596899,0.0,4.3515625
66922902710d126a0e7d26b0e3805106,MG,151,151,17581.070000000007,116.43092715231792,0.0728476821192053,0.0,4.473333333333334
4a3ccda38b2129705f3fb522db62ca31,SP,66,65,17561.810000000005,270.1816923076924,0.09090909090909091,0.015151515151515152,3.8636363636363638
d921b68bf747894be13a97ae52b0f386,MG,77,77,17403.810000000005,226.02350649350655,0.012987012987012988,0.0,4.558441558441558
5cf13accae3222c70a9cac40818ae839,MG,149,149,17402.47,116.79510067114094,0.03355704697986577,0.0,4.452702702702703
e5a38146df062edaf55c38afa99e42dc,SP,121,121,17254.590000000007,142.59991735537196,0.09090909090909091,0.0,3.9583333333333335
d94a40fd42351c259927028d163af842,MG,101,101,17220.939999999995,170.5043564356435,0.039603960396039604,0.0,4.181818181818182
6d66611d7c44cc30ce351abc49a68421,SP,166,166,16854.37,101.53234939759035,0.060240963855421686,0.0,3.951219512195122
2e90cb1677d35cfe24eef47d441b7c87,SP,127,127,16782.159999999996,132.14299212598422,0.13385826771653545,0.0,4.118110236220472
3b15288545f8928d3e65a8f949a28291,SP,104,104,16513.69,158.78548076923076,0.0673076923076923,0.0,4.0
669ae81880e08f269a64487cfb287169,SC,162,161,16485.199999999993,102.39254658385089,0.043209876543209874,0.006172839506172839,4.24223602484472
75d34ebb1bd0bd7dde40dd507b8169c3,BA,62,61,16341.680000000008,267.8963934426231,0.14516129032258066,0.016129032258064516,3.7419354838709675
c847e075301870dd144a116762eaff9a,MG,42,41,16341.480000000005,398.5726829268294,0.09523809523809523,0.023809523809523808,4.170731707317073
a3e9a2c700480d9bb01fba070ba80a0e,SP,130,130,16323.89,125.56838461538462,0.1,0.0,3.99609375
a673821011d0cec28146ea42f5ab767f,SP,129,127,16224.979999999996,127.75574803149603,0.10852713178294573,0.015503875968992248,4.012396694214876
8e6d7754bc7e0f22c96d255ebda59eba,SP,85,85,16212.510000000004,190.73541176470593,0.16470588235294117,0.0,3.5481927710843375
cfb1a033743668a192316f3c6d1d2671,SP,147,146,16166.71,110.73089041095889,0.11564625850340136,0.006802721088435374,3.9618055555555554
a5cba26a62b8b4d0145b68b841e62e7f,PR,54,54,16120.660000000002,298.5307407407408,0.018518518518518517,0.0,4.518518518518518
6edacfd9f9074789dad6d62ba7950b9c,SP,208,207,16069.920000000007,77.63246376811598,0.057692307692307696,0.004807692307692308,4.36231884057971
6039e27294dc75811c0d8a39069f52c0,SP,64,64,16047.170000000002,250.73703125000003,0.21875,0.0,3.6666666666666665
1f9ab4708f3056ede07124aad39a2554,SP,78,78,16043.510000000007,205.68602564102574,0.05128205128205128,0.0,4.077922077922078
ac3508719a1d8f5b7614b798f70af136,RS,103,103,15792.229999999996,153.32262135922326,0.02912621359223301,0.0,4.6
701938c450705b8ae65fc923b70f35c7,SP,75,75,15792.119999999994,210.5615999999999,0.06666666666666667,0.0,4.013698630136986
05f51e13da97139648b8125c31e5f51b,MG,60,60,15788.3,263.1383333333333,0.15,0.0,4.066666666666666
530ec6109d11eaaf87999465c6afee01,PR,97,97,15640.209999999997,161.23927835051543,0.010309278350515464,0.0,4.237113402061856
289cdb325fb7e7f891c38608bf9e0962,SP,110,110,15639.28999999998,142.17536363636347,0.01818181818181818,0.0,4.572727272727272
b8bc237ba3788b23da09c0f1f3a3288c,SC,45,45,15621.160000000002,347.1368888888889,0.022222222222222223,0.0,4.318181818181818
440dd6ab244315c632130ecfb63827b1,SP,94,93,15604.770000000004,167.79322580645166,0.1276595744680851,0.010638297872340425,3.849462365591398
a7f13822ceb966b076af67121f87b063,SP,75,75,15595.119999999997,207.9349333333333,0.06666666666666667,0.0,3.3378378378378377
c31eff8334d6b3047ed34bebd4d62c36,SP,122,122,15586.050000000008,127.75450819672137,0.13934426229508196,0.0,3.8512396694214877
080199a181c46c657dc5aa235411be3b,SP,79,79,15544.880000000005,196.77063291139245,0.02531645569620253,0.0,4.615384615384615
ce248b21cb2adc36282ede306b7660e5,SC,65,64,15455.199999999999,241.48749999999998,0.1076923076923077,0.015384615384615385,4.158730158730159
aba1721a889e04decc910aa13b768ef4,SP,83,83,15352.470000000001,184.96951807228916,0.10843373493975904,0.0,4.445783132530121
431af27f296bc6519d890aa5a05fdb11,SP,117,117,15250.849999999999,130.34914529914528,0.15384615384615385,0.0,3.765217391304348
c6bda72e4dbf5c5866b13cb1810c6d03,SP,59,59,15196.119999999999,257.56135593220336,0.03389830508474576,0.0,4.387931034482759
48436dade18ac8b2bce089ec2a041202,SP,138,138,15183.639999999998,110.02637681159419,0.07246376811594203,0.0,4.0144927536231885
0ea22c1cfbdc755f86b9b54b39c16043,MG,237,237,15075.309999999998,63.60890295358649,0.016877637130801686,0.0,4.406521739130435
2e1c9f22be269ef4643f826c9e650a52,SP,167,166,15067.290000000005,90.7668072289157,0.0658682634730539,0.005988023952095809,4.164634146341464
0b35c634521043bf4b47e21547b99ab5,PR,51,51,15008.74,294.28901960784316,0.1568627450980392,0.0,3.3877551020408165
1ca7077d890b907f89be8c954a02686a,SP,115,115,15001.429999999995,130.4472173913043,0.20869565217391303,0.0,2.3333333333333335
9e6229250fedbe05838fef417b74e7fb,SP,74,74,14986.649999999998,202.52229729729726,0.04054054054054054,0.0,3.891891891891892
00fc707aaaad2d31347cf883cd2dfe10,PR,103,103,14969.989999999994,145.33970873786402,0.04854368932038835,0.0,4.135416666666667
d50d79cb34e38265a8649c383dcffd48,SP,70,70,14944.679999999997,213.49542857142853,0.07142857142857142,0.0,4.246376811594203
ef506c96320abeedfb894c34db06f478,SP,324,323,14938.340000000046,46.24873065015494,0.08333333333333333,0.0030864197530864196,3.9404388714733543
e8b3a3a38279a82f0e5d006d5e5b7d2c,PR,87,87,14916.390000000003,171.45275862068968,0.04597701149425287,0.0,3.793103448275862
ce7d1888639e6fb06b2749cbfdac1ff7,MG,78,78,14876.539999999997,190.72487179487175,0.08974358974358974,0.0,4.166666666666667
e26901d5ab434ce92fd9b5c256820a4e,SP,202,201,14851.169999999986,73.88641791044769,0.024752475247524754,0.0049504950495049506,4.119402985074627
813348c996469b40f2e028d5429d3495,SP,179,179,14800.430000000006,82.68396648044695,0.05027932960893855,0.0,4.051724137931035
240b9776d844d37535668549a396af32,RJ,36,36,14452.649999999996,401.46249999999986,0.05555555555555555,0.0,4.277777777777778
34d1ca11b242c0fee2c834ae8d788566,MG,40,40,14404.280000000004,360.1070000000001,0.0,0.0,4.333333333333333
d05ae8f7a5bd1d2a690a44cd079e4e27,RJ,78,77,14385.65000000001,186.8266233766235,0.08974358974358974,0.01282051282051282,3.857142857142857
d6b1ce66b035a475f00c017792ff9769,SP,92,92,14315.879999999994,155.60739130434777,0.06521739130434782,0.0,4.277777777777778
8d956fec2e4337affcb520f56fd8cbfd,SP,211,210,14302.049999999994,68.10499999999998,0.10426540284360189,0.004739336492890996,4.214285714285714
cab85505710c7cb9b720bceb52b01cee,SP,206,206,14295.240000000018,69.39436893203892,0.024271844660194174,0.0,4.287128712871287
95e03ca3d4146e4011985981aeb959b9,RJ,175,175,14243.499999999995,81.39142857142853,0.03428571428571429,0.0,4.029239766081871
80e6699fe29150b372a0c8a1ebf7dcc8,PR,98,98,14154.900000000001,144.43775510204082,0.04081632653061224,0.0,4.270833333333333
0be8ff43f22e456b4e0371b2245e4d01,SP,161,158,14074.190000000011,89.07715189873424,0.062111801242236024,0.018633540372670808,3.950310559006211
ff063b022a9a0aab91bad2c9088760b7,SP,94,94,14061.269999999993,149.58797872340418,0.031914893617021274,0.0,4.311827956989247
99eaacc9e6046db1c82b163c5f84869f,SP,66,65,13999.640000000007,215.37907692307704,0.10606060606060606,0.015151515151515152,3.878787878787879
e24fc9fcd865784fb25705606fe3dfe7,SP,52,52,13966.71,268.5905769230769,0.07692307692307693,0.0,4.173076923076923
7202e2ba20579a9bd1acb29e61fe71f6,SP,53,53,13916.160000000003,262.5690566037737,0.05660377358490566,0.0,3.8653846153846154
b372ee768ed69e46ca8cdbd267aa7a38,SP,63,63,13813.840000000002,219.26730158730163,0.0,0.0,4.436507936507937
5a8e7d5003a1f221f9e1d6e411de7c23,SP,139,138,13797.120000000003,99.97913043478263,0.05755395683453238,0.007194244604316547,4.133333333333334
6cd68b3ed6d59aaa9fece558ad360c0a,MG,149,149,13718.459999999994,92.07020134228183,0.020134228187919462,0.0,4.4520547945205475
adbc26658d6c7b4b6219f9d934598091,PR,88,88,13692.24999999999,155.5937499999999,0.1590909090909091,0.0,4.125
c66dccfb3f109511246da627dd5a2498,SP,45,45,13682.250000000002,304.05000000000007,0.044444444444444446,0.0,4.488888888888889
c8b0e2b0a7095e5d8219575d5e7e1181,SP,84,84,13657.340000000006,162.587380952381,0.07142857142857142,0.0,4.0843373493975905
c60b801f2d52c7f7f91de00870882a75,SP,41,41,13652.89,332.99731707317073,0.1951219512195122,0.0,3.317073170731707
056b4ada5bbc2c50cc7842547dda6b51,RJ,65,65,13639.410000000003,209.83707692307698,0.1076923076923077,0.0,4.171875
6e386f64c84e482f0b9abf960797ee1b,SP,30,30,13563.659999999998,452.12199999999996,0.1,0.0,4.607142857142857
70c27847eca8195c983ed7e798c56743,RJ,77,77,13529.18,175.70363636363638,0.09090909090909091,0.0,4.233766233766234
1d8dbc4f32378d715c717c1c1fc57bae,PR,92,92,13421.050000000003,145.8809782608696,0.09782608695652174,0.0,4.022222222222222
ed4acab38528488b65a9a9c603ff024a,SP,32,32,13369.760000000002,417.80500000000006,0.03125,0.0,3.71875
09f952a5f58d2285b0372551ae8f9b01,SP,50,50,13346.46,266.9292,0.06,0.0,3.84
25e6ffe976bd75618accfe16cefcbd0d,SP,108,107,13287.510000000004,124.18233644859816,0.05555555555555555,0.009259259259259259,4.401869158878505
54965bbe3e4f07ae045b90b0b8541f52,PR,78,78,13164.839999999997,168.77999999999994,0.28205128205128205,0.0,3.0
ca3bd7cd9f149df75950150d010fe4a2,SP,71,70,13128.590000000002,187.55128571428574,0.04225352112676056,0.014084507042253521,3.9714285714285715
5058e8c1e82653974541e83690655b4a,SP,63,63,13077.929999999997,207.5861904761904,0.12698412698412698,0.0,3.2131147540983607
562fc2f2c2863ab7e79a9e4388a58a14,SP,260,258,13036.479999999998,50.528992248062,0.03461538461538462,0.007692307692307693,4.217054263565892
ce27a3cc3c8cc1ea79d11e561e9bebb6,SP,135,135,13011.870000000003,96.38422222222223,0.022222222222222223,0.0,3.9153846153846152
f262cbc1c910c83959f849465454ddd3,SP,192,191,12958.14000000001,67.84366492146603,0.09375,0.005208333333333333,4.149214659685864
1da3aeb70d7989d1e6d9b0e887f97c23,SP,265,264,12939.710000000008,49.01405303030306,0.05660377358490566,0.0037735849056603774,4.170542635658915
b499c00f28f4b7069ff6550af8c1348a,SP,152,152,12905.079999999996,84.90184210526313,0.125,0.0,4.113333333333333
d1b65fc7debc3361ea86b5f14c68d2e2,SP,40,39,12823.32,328.8030769230769,0.05,0.025,4.55
4830e40640734fc1c52cd21127c341d4,SP,210,208,12794.880000000001,61.51384615384616,0.06666666666666667,0.009523809523809525,4.148325358851674
c9c7905cffc4ef9ff9f113554423e671,SP,127,127,12766.71,100.52527559055117,0.10236220472440945,0.0,4.141732283464567
f3b80352b986ab4d1057a4b724be19d0,DF,87,87,12692.730000000005,145.8934482758621,0.0,0.0,4.172413793103448
dd2bdf855a9172734fbc3744021ae9b9,MG,108,106,12684.160000000003,119.66188679245286,0.05555555555555555,0.018518518518518517,3.8823529411764706
7ea5bfa6c340f58f8e71fc1f0412b0d6,MG,98,98,12663.879999999997,129.2232653061224,0.07142857142857142,0.0,4.123711340206185
72c5da29406b4234927b81855e7b64f6,SP,31,31,12652.470000000001,408.14419354838714,0.03225806451612903,0.0,4.129032258064516
66e0557ecc2b4dbea057e93f215f68d8,SP,31,30,12628.419999999998,420.9473333333333,0.25806451612903225,0.03225806451612903,3.935483870967742
1c129092bf23f28a5930387c980c0dfc,SP,201,201,12589.290000000006,62.63328358208958,0.05472636815920398,0.0,4.235
7040e82f899a04d1b434b795a43b4617,SP,212,209,12380.850000000006,59.23851674641151,0.09433962264150944,0.014150943396226415,3.6
c864036feaab8c1659f65ea4faebe1da,PR,58,58,12299.770000000002,212.06500000000003,0.034482758620689655,0.0,4.568965517241379
82e0a475a88cc9595229d8029273f045,SP,42,41,12216.4,297.9609756097561,0.09523809523809523,0.023809523809523808,3.619047619047619
5343d0649eca2a983820bfe93fc4d17e,SP,71,70,12194.09,174.20128571428572,0.09859154929577464,0.014084507042253521,3.8529411764705883
33a6f4b1e7cdc205511e76ba1b6e0186,SP,105,105,12183.909999999994,116.03723809523804,0.01904761904761905,0.0,4.40952380952381
17ca9b9e9b9ef8fdb529001b49ebb50f,MG,116,116,12120.719999999996,104.48896551724134,0.02586206896551724,0.0,4.034782608695652
dd7ddc04e1b6c2c614352b383efe2d36,SP,122,122,12071.999999999996,98.95081967213112,0.1557377049180328,0.0,3.8403361344537816
4e7c18b98d84e05cbae3ff0ff03846c2,SP,82,82,12053.880000000005,146.9985365853659,0.04878048780487805,0.0,4.15
6973a06f484aacf400ece213dbf3d946,SP,95,92,11989.789999999999,130.32380434782607,0.15789473684210525,0.031578947368421054,3.5824175824175826
9d5a9018aee56acb367ba9c3f05d1d6a,GO,67,67,11982.210000000003,178.83895522388065,0.014925373134328358,0.0,4.417910447761194
23d7c96d4a1160db1c726b248601b25a,SP,53,50,11947.170000000004,238.94340000000008,0.11320754716981132,0.05660377358490566,3.81
f80edd2c5aaa505cc4b0a3b219abf4b8,SP,119,118,11935.720000000003,101.15016949152545,0.05042016806722689,0.008403361344537815,4.084745762711864
31344c16881c08a8a72c6d2eb29918c1,MG,43,43,11912.620000000003,277.0376744186047,0.046511627906976744,0.0,4.348837209302325
8b28d096634035667e8263d57ba3368c,SP,143,142,11863.880000000001,83.54845070422536,0.11188811188811189,0.006993006993006993,3.971631205673759
32b8764b4ef628b53608fc34011fcc13,SC,36,36,11854.42,329.2894444444444,0.08333333333333333,0.0,4.194444444444445
fffd5413c0700ac820c7069d66d98c89,SP,60,59,11762.270000000004,199.36050847457633,0.13333333333333333,0.016666666666666666,3.847457627118644
01cf7e3d21494c41fb86034f2e714fa1,PR,61,61,11738.180000000002,192.4291803278689,0.04918032786885246,0.0,4.15
aaed1309374718fdd995ee4c58c9dfcd,SC,105,105,11708.019999999999,111.50495238095237,0.02857142857142857,0.0,4.066666666666666
bd23da7354813347129d751591d1a6e2,SP,89,88,11704.820000000002,133.0093181818182,0.0449438202247191,0.011235955056179775,4.011363636363637
aafe36600ce604f205b86b5084d3d767,SC,129,129,11673.199999999997,90.48992248062014,0.046511627906976744,0.0,4.403100775193798
9b013e03b2ab786505a1d3b5c0756754,SP,174,174,11631.610000000006,66.84833333333337,0.05747126436781609,0.0,4.15606936416185
3db66a856d18a9cba7c9241fc5221c50,MG,94,94,11522.65999999999,122.58148936170203,0.11702127659574468,0.0,4.198924731182796
9d4db00d65d7760644ac0c14edb5fd86,SP,98,98,11512.810000000001,117.4776530612245,0.04081632653061224,0.0,4.515463917525773
92eb0f42c21942b6552362b9b114707d,SP,341,341,11492.670000000004,33.702844574780066,0.07917888563049853,0.0,3.9911242603550297
5656537e588803a555b8eb41f07a944b,DF,174,174,11442.960000000014,65.76413793103457,0.07471264367816093,0.0,3.8901734104046244
0df3984f9dfb3d49ac6366acbd3bbb85,MG,87,86,11374.54,132.26209302325583,0.011494252873563218,0.011494252873563218,4.344827586206897
6c7d50c24b3ccd2fd83b44d8bb34e073,SP,114,113,11303.620000000003,100.03203539823011,0.017543859649122806,0.008771929824561403,4.389380530973451
cbd996ad3c1b7dc71fd0e5f5df9087e2,SP,165,165,11284.960000000001,68.39369696969698,0.08484848484848485,0.0,4.16875
259f7b5e6e482c230e5bfaa670b6bb8f,SP,138,138,11265.249999999996,81.63224637681157,0.021739130434782608,0.0,4.306569343065694
81a1104df0f08b59c68aa5b03cfe398e,PR,73,73,11235.270000000002,153.90780821917812,0.0547945205479452,0.0,4.267605633802817
ea566164622c6b439516ab18062c42cd,SP,50,50,11167.98,223.3596,0.22,0.0,3.78
066a6914e1ebf3ea95a216c73a986b91,PR,68,68,11115.950000000003,163.4698529411765,0.029411764705882353,0.0,4.08955223880597
0db783cfcd3b73998abc6e10e59a102f,SP,132,132,11076.550000000007,83.91325757575763,0.03787878787878788,0.0,4.206106870229007
e5a3438891c0bfdb9394643f95273d8e,SP,224,223,11073.469999999983,49.65681614349768,0.17857142857142858,0.004464285714285714,3.932126696832579
624f4ece8da4aafb77699233d480f8ef,SP,53,53,10927.369999999999,206.17679245283017,0.07547169811320754,0.0,4.25
7008613ea464bad5cb9b83456e1e6a8f,SC,127,127,10860.050000000005,85.51220472440949,0.047244094488188976,0.0,4.261904761904762
18a349e75d307f4b4cc646a691ed4216,SP,121,119,10802.219999999998,90.77495798319326,0.05785123966942149,0.01652892561983471,3.441666666666667
b92e3c8f9738272ff7c59e111e108d7c,MG,62,62,10645.3,171.69838709677418,0.03225806451612903,0.0,4.163934426229508
7b07b3c7487f0ea825fc6df75abd658b,SP,93,92,10641.050000000001,115.66358695652175,0.043010752688172046,0.010752688172043012,4.354838709677419
cb8bcce248bb1fb274ba762d8b971456,MG,68,68,10635.02,156.39735294117648,0.014705882352941176,0.0,4.25
a49928bcdf77c55c6d6e05e09a9b4ca5,SP,98,98,10574.249999999996,107.9005102040816,0.25510204081632654,0.0,2.9896907216494846
048c2757535328e0d7dac690ad3c0aae,SP,51,51,10551.06,206.8835294117647,0.13725490196078433,0.0,4.224489795918367
f27e33c6d29b5138fa9967bcd445b6d5,SP,93,93,10482.250000000002,112.71236559139787,0.10752688172043011,0.0,4.096774193548387
36a968b544695394e4e9d7572688598f,SP,154,153,10467.4,68.41437908496732,0.045454545454545456,0.006493506493506494,3.6525974025974026
0bae85eb84b9fb3bd773911e89288d54,SP,137,137,10406.4,75.95912408759123,0.0072992700729927005,0.0,4.2700729927007295
b2ac621f0d0322434d04a12b078b9369,PR,30,30,10356.89,345.2296666666667,0.1,0.0,4.379310344827586
e96498ed8daaa3e9c23f7a62da76591c,SP,34,34,10332.19,303.8879411764706,0.14705882352941177,0.0,3.9411764705882355
febab0275244b9a49a623f0bd613ca2f,SP,109,109,10289.17,94.39605504587156,0.045871559633027525,0.0,4.376146788990826
8e8a7ce9f2f970dc00e2acf6f6e199f6,RJ,65,65,10284.819999999998,158.22799999999998,0.09230769230769231,0.0,4.0476190476190474
b1a81260566c1bac3114a6d124413f27,RS,51,51,10250.2,200.9843137254902,0.0196078431372549,0.0,4.2745098039215685
972d0f9cf61b499a4812cf0bfa3ad3c4,SC,83,83,10240.590000000002,123.38060240963858,0.10843373493975904,0.0,3.0
d98eec89afa3380e14463da2aabaea72,RS,168,168,10225.310000000003,60.8649404761905,0.023809523809523808,0.0,4.342424242424243
b1fc4f64df5a0e8b6913ab38803c57a9,RJ,107,107,10140.989999999996,94.77560747663547,0.12149532710280374,0.0,3.857142857142857
3c487ae8f8d7542beff5788e2e0aea83,DF,30,30,10105.349999999999,336.84499999999997,0.03333333333333333,0.0,4.2
5b8154610ebb21fb90eb587365e673df,SP,38,37,10096.720000000003,272.8843243243244,0.10526315789473684,0.02631578947368421,4.184210526315789
640e21a7d01df7614a3b4923e990d40c,SP,116,116,10045.12,86.59586206896553,0.06896551724137931,0.0,4.301724137931035
5f2684dab12e59f83bef73ae57724e45,SP,68,67,9980.720000000001,148.96597014925374,0.058823529411764705,0.014705882352941176,3.8088235294117645
7a241947449cc45dbfda4f9d0798d9d0,MG,62,61,9933.449999999997,162.84344262295076,0.06451612903225806,0.016129032258064516,3.8688524590163933
6d803cb79cc31c41c4c789a75933b3c7,SP,58,58,9925.070000000002,171.12189655172418,0.06896551724137931,0.0,4.228070175438597
7d456afc660226829370f3173d14520c,SP,56,56,9857.869999999997,176.03339285714281,0.05357142857142857,0.0,4.357142857142857
2dee2ce60de9709b1a24083217181a1f,MT,54,54,9844.56,182.30666666666664,0.018518518518518517,0.0,4.425925925925926
ebd2d60905fb58271facef5596b620d3,SP,84,84,9675.019999999999,115.1788095238095,0.03571428571428571,0.0,4.154761904761905
4371b634e0efc0e22b09b52907d9d469,SP,102,101,9645.01,95.4951485148515,0.0784313725490196,0.00980392156862745,4.445544554455446
2a7dc43cecabf23403078e2188437d1d,SP,52,52,9591.819999999998,184.45807692307687,0.07692307692307693,0.0,4.14
db2956745b3a8e9f3785c99f34b5d25e,SP,47,47,9574.27,203.70787234042555,0.10638297872340426,0.0,3.765957446808511
8a432f4e5b471f8da497d7dc517666e2,SP,95,95,9520.11,100.21168421052633,0.05263157894736842,0.0,4.191489361702128
3078096983cf766a32a06257648502d1,SP,59,57,9484.230000000001,166.39000000000001,0.05084745762711865,0.03389830508474576,4.203389830508475
aac29b1b99776be73c3049939652091d,MG,98,98,9465.519999999997,96.58693877551018,0.09183673469387756,0.0,4.104166666666667
33a17d60c64393351ebf1ef860f4e0f2,RS,43,43,9431.859999999999,219.3455813953488,0.023255813953488372,0.0,4.627906976744186
37515688008a7a40ac93e3b2e4ab203f,SP,228,228,9417.700000000017,41.30570175438604,0.10087719298245613,0.0,4.092920353982301
750303a20e9c56b2a6bc45cdce0b897d,GO,54,54,9394.81,173.97796296296295,0.037037037037037035,0.0,4.2407407407407405
6c177e38df6d3f34182b1f1d427231bf,PR,55,55,9376.529999999999,170.4823636363636,0.03636363636363636,0.0,4.036363636363636
fdb9095204a334cd8872252ffec6f2db,SP,46,46,9289.369999999999,201.9428260869565,0.06521739130434782,0.0,4.184782608695652
609e1a9a6c2539919b8205cf7c4e6ff0,SC,87,87,9282.420000000004,106.69448275862074,0.022988505747126436,0.0,3.8117647058823527
b18dc380845b24038cfc48006478f099,SP,44,44,9248.929999999998,210.2029545454545,0.1590909090909091,0.0,4.1395348837209305
93dc87703c046b603023e75222018b45,MG,35,35,9206.290000000003,263.03685714285723,0.08571428571428572,0.0,3.9696969696969697
b4ffb71f0cb1b1c3d63fad021ecf93e1,SP,144,144,9176.069999999998,63.722708333333316,0.020833333333333332,0.0,4.203571428571428
725c32fa80c2faacc4fc88450d27314e,SP,89,89,9166.659999999998,102.99617977528088,0.011235955056179775,0.0,4.517241379310345
7722b1df1b0e383e000397b2c11e3e19,SP,134,134,9165.299999999997,68.39776119402983,0.029850746268656716,0.0,4.21969696969697
fcb5ace8bcc92f75707dc0f01a27d269,SP,62,61,9143.099999999999,149.88688524590162,0.03225806451612903,0.016129032258064516,3.8524590163934427
bd0389da23d89b726abf911cccc54596,DF,87,87,9128.470000000003,104.92494252873567,0.08045977011494253,0.0,4.172413793103448
ad781527c93d00d89a11eecd9dcad7c1,SP,44,43,9102.43,211.68441860465117,0.2727272727272727,0.022727272727272728,3.116279069767442
903037660cf848a717166eb7a06d616e,SP,45,45,9083.280000000004,201.85066666666677,0.13333333333333333,0.0,3.888888888888889
08633c14ef2db992c11f840f04fad4cd,SP,74,74,9068.820000000002,122.55162162162165,0.06756756756756757,0.0,4.364864864864865
2089a6d640999f9b9141ac719b2af596,SP,44,43,9015.42,209.66093023255814,0.13636363636363635,0.022727272727272728,3.731707317073171
a2e874074c877c5a05abae80ad6e488f,SP,44,43,8975.8,208.73953488372092,0.045454545454545456,0.022727272727272728,3.9545454545454546
8648b1e89e9b349e32d3741b30ec737e,SP,95,95,8946.050000000005,94.1689473684211,0.10526315789473684,0.0,4.090425531914893
26d8a1c7c75d513045798992ead43aa2,PR,36,36,8945.78,248.4938888888889,0.08333333333333333,0.0,4.305555555555555
6fd52c528dcb38be2eea044946b811f8,SP,67,67,8881.58,132.56089552238805,0.13432835820895522,0.0,3.393939393939394
0432ead42b6c8a0bdf68154add917fdf,SP,85,83,8860.260000000002,106.75012048192774,0.03529411764705882,0.023529411764705882,4.458823529411765
5d0363b33554b373851fc1622e4d5f3c,SP,94,94,8802.969999999998,93.64861702127656,0.0851063829787234,0.0,4.043010752688172
5b925e1d006e9476d738aa200751b73b,SP,63,63,8801.839999999998,139.711746031746,0.06349206349206349,0.0,4.571428571428571
4e17c65a516f69d023a2ae78b84f28d6,SP,61,61,8794.8,144.17704918032786,0.06557377049180328,0.0,4.229508196721311
dbb9b48c841a0e39e21f98e1a6b2ec3e,SP,108,108,8768.259999999997,81.18759259259257,0.037037037037037035,0.0,4.268518518518518
b410bdd36d5db7a65dcd42b7ead933b8,GO,44,44,8733.609999999997,198.4911363636363,0.022727272727272728,0.0,4.659090909090909
062ce95fa2ad4dfaedfc79260130565f,RS,55,55,8721.439999999997,158.57163636363632,0.03636363636363636,0.0,4.036363636363636
8e6cc767478edae941d9bd9eb778d77a,MG,106,104,8719.569999999992,83.84201923076915,0.07547169811320754,0.018867924528301886,3.9356435643564356
e333046ce6517bd8bb510291d44f0130,SP,68,68,8699.32,127.93117647058823,0.058823529411764705,0.0,4.3283582089552235
1da366cade6d8276e7d8beea7af5d4bf,MG,43,43,8673.730000000001,201.71465116279072,0.11627906976744186,0.0,3.9285714285714284
ececbfcff9804a2d6b40f589df8eef2b,SP,98,98,8661.060000000001,88.37816326530614,0.10204081632653061,0.0,4.112244897959184
2c9e548be18521d1c43cde1c582c6de8,SP,126,126,8603.050000000003,68.27817460317462,0.15873015873015872,0.0,4.112903225806452
3bb548e3cb7f70f28e3f11ee9dce0e59,PR,46,46,8586.81,186.66978260869564,0.0,0.0,4.195652173913044
8a32e327fe2c1b3511609d81aaf9f042,SP,132,130,8586.340000000002,66.04876923076925,0.030303030303030304,0.015151515151515152,3.8294573643410854
058fd0aa2bfdb2274e05e1ae971dabb6,SP,61,61,8555.800000000001,140.25901639344264,0.06557377049180328,0.0,4.39344262295082
a420f60ff1aa9acc80d0e42959f2b313,SP,67,67,8543.269999999999,127.51149253731342,0.08955223880597014,0.0,3.953846153846154
cc63f0dd2acba93ffed4fe9f8e0321fa,SP,55,55,8496.680000000004,154.48509090909099,0.0,0.0,4.090909090909091
1127b7f2594683f2510f1c2c834a486b,SP,114,110,8438.400000000001,76.71272727272729,0.02631578947368421,0.03508771929824561,4.087719298245614
282f23a9769b2690c5dda22e316f9941,MG,99,99,8386.960000000003,84.7167676767677,0.050505050505050504,0.0,4.333333333333333
381c83fdca332ea6afd896da20bf6e4a,PR,46,46,8355.009999999998,181.630652173913,0.043478260869565216,0.0,4.391304347826087
42bde9fef835393bb8a8849cb6b7f245,DF,35,34,8341.37,245.33441176470592,0.02857142857142857,0.02857142857142857,4.257142857142857
aced59e9b31ef866a94f9e7f29d8d418,SP,61,61,8315.800000000001,136.32459016393443,0.08196721311475409,0.0,4.433333333333334
34056b8b55c1775a22af2331670a799c,SP,78,78,8229.889999999994,105.51141025641017,0.11538461538461539,0.0,4.0
6a8b085f816a1f75f92dbac6eb545f8f,SP,127,127,8196.960000000001,64.54299212598426,0.09448818897637795,0.0,4.133858267716535
e2aee0892199b1d92530e371abd825bf,PR,38,37,8177.410000000002,221.01108108108113,0.13157894736842105,0.02631578947368421,3.789473684210526
e0a366315b1b726b6c7832d664c0f530,SP,43,43,8145.170000000001,189.4225581395349,0.046511627906976744,0.0,4.3023255813953485
cee48807215b30a12ca2ca10ffb5f250,SP,39,39,8125.52,208.34666666666666,0.15384615384615385,0.0,3.736842105263158
b14db04aa7881970e83ffa9426897925,SP,83,83,8123.949999999999,97.87891566265058,0.10843373493975904,0.0,3.7125
516e7738bd8f735ac19a010ee5450d8d,RJ,76,76,8109.319999999998,106.70157894736839,0.05263157894736842,0.0,4.565789473684211
670c26e0f1bf8d0576271d5cfaec6d2b,PR,78,78,8035.630000000003,103.02089743589747,0.05128205128205128,0.0,4.269230769230769
d13e50eaa47b4cbe9eb81465865d8cfc,SP,67,67,8012.839999999996,119.59462686567157,0.208955223880597,0.0,4.82089552238806
11305281b50fff20ae8bb473f8e11876,MG,35,35,7973.21,227.806,0.11428571428571428,0.0,4.294117647058823
dee656f0f566ed1aa85bd137c943f08f,SP,93,93,7968.670000000001,85.684623655914,0.053763440860215055,0.0,4.369565217391305
f84a00e60c73a49e7e851c9bdca3a5bb,RJ,90,90,7951.760000000002,88.35288888888891,0.1111111111111111,0.0,3.8333333333333335
080102cd0a76b09e0dcf55fcacc60e05,MG,124,124,7912.71,63.81217741935484,0.04032258064516129,0.0,4.504065040650406
58f1a6197ed863543e0136bdedb3fce2,MG,44,44,7903.69,179.62931818181818,0.022727272727272728,0.0,4.181818181818182
688756f717c462a206ad854c5027a64a,SP,83,83,7901.45,95.19819277108434,0.08433734939759036,0.0,3.8658536585365852
fa1a9dec3a9940c072684a46728bf1fc,SC,55,55,7875.709999999998,143.19472727272725,0.0,0.0,4.111111111111111
6b243f80ed07b10f0e8aa0f21a205f3c,PR,79,79,7807.4000000000015,98.82784810126584,0.0379746835443038,0.0,4.265822784810126
8c16d1f32a54d92897cc437244442e1b,SC,108,108,7754.669999999998,71.80249999999998,0.009259259259259259,0.0,4.386792452830188
dd55f1bb788714a40e7954c3be6df745,SP,35,35,7701.18,220.0337142857143,0.17142857142857143,0.0,3.742857142857143
376a891762bbdecbc02b4b6adec3fdda,GO,57,57,7693.630000000002,134.97596491228074,0.03508771929824561,0.0,4.666666666666667
d9bd94811c3338dceb4181f3dbc0c73e,SP,54,54,7682.109999999999,142.26129629629628,0.1111111111111111,0.0,4.796296296296297
83e197e95a1bbabc8c75e883ed016c47,RJ,47,47,7680.06,163.40553191489363,0.02127659574468085,0.0,4.808510638297872
ff1fb4c404b2efe68b03350a8dc24122,SP,46,46,7666.95,166.67282608695652,0.15217391304347827,0.0,4.0
63b464dbf392c7b80d12d932fa7cafed,SP,37,37,7662.249999999999,207.0878378378378,0.05405405405405406,0.0,3.7837837837837838
751bdc4d83a466c7206cd42e8f426b03,SP,54,52,7577.080000000003,145.71307692307698,0.018518518518518517,0.037037037037037035,3.8627450980392157
57e632711dec9ec14ca7546769483e7e,SC,62,62,7558.039999999997,121.9038709677419,0.0,0.0,4.419354838709677
f46490624488d3ff7ce78613913a7711,SP,83,83,7550.670000000002,90.9719277108434,0.12048192771084337,0.0,3.6626506024096384
9616352088dcf83a7c06637f4ebf1c80,PR,92,92,7490.570000000002,81.4192391304348,0.0,0.0,4.293478260869565
3340ef1913fb70d28420f6ceb685c339,PR,32,32,7481.549999999998,233.79843749999995,0.09375,0.0,4.375
ba143b05f0110f0dc71ad71b4466ce92,SP,85,85,7453.59,87.68929411764707,0.15294117647058825,0.0,4.416666666666667
7dc8c42cc750eeafea6c85712ffee9bf,SP,41,41,7445.09,181.58756097560976,0.04878048780487805,0.0,4.195121951219512
05d2173d43ea568aa0540eba70d2ca76,MG,62,62,7438.93,119.98274193548387,0.06451612903225806,0.0,4.183333333333334
2a261b5b644fa05f4f2700eb93544f2c,SP,51,51,7396.729999999998,145.03392156862742,0.19607843137254902,0.0,3.8627450980392157
0691148aee60ca47977c187804f935ae,PR,47,47,7359.449999999998,156.58404255319144,0.02127659574468085,0.0,4.173913043478261
6f892e20a171e98efe17fdb971ff319b,SP,44,44,7342.86,166.8831818181818,0.09090909090909091,0.0,3.9302325581395348
40d54b51e962dbe09cabbcfd33298dee,SP,30,30,7323.249999999999,244.1083333333333,0.0,0.0,4.0
3ade81dab5a172b88e1871c28ae05260,SP,30,30,7302.9900000000025,243.43300000000008,0.13333333333333333,0.0,4.0
4c03b9dd4c11ee2cb35c96c49efc9420,SP,48,48,7302.330000000001,152.131875,0.020833333333333332,0.0,4.130434782608695
bd4889b5e9133b35b66e42a8665cea5c,SP,36,36,7256.539999999997,201.57055555555547,0.0,0.0,4.4
3be634553519fb6536a03e1358e9fdc7,SP,83,83,7226.65,87.06807228915662,0.08433734939759036,0.0,3.9878048780487805
02f623a8eb246f3c5f7c2f96462654e6,SP,44,44,7207.629999999999,163.8097727272727,0.09090909090909091,0.0,4.595238095238095
ea67327e24487bdfac5fbfa37ea124df,SP,32,32,7180.28,224.38375,0.03125,0.0,3.53125
537eb890efff034a88679788b647c564,RJ,160,160,7178.900000000002,44.86812500000001,0.05625,0.0,4.221875
91f848e9f4be368f4318775aac733370,SP,63,63,7168.16,113.78031746031746,0.031746031746031744,0.0,4.278688524590164
e8b4225284fbb02d16f200513f1f395d,SP,31,31,7086.13,228.58483870967743,0.0967741935483871,0.0,4.193548387096774
bacb1f0ed56ad24198f5810d2b3fe9a5,SP,42,39,7085.38,181.67641025641026,0.023809523809523808,0.07142857142857142,4.075
b2479f944e1b90cf8a5de1bbfde284d6,SP,103,102,6943.540000000004,68.07392156862748,0.13592233009708737,0.009708737864077669,3.485
e9d99831abad74458942f21e16f33f92,SP,130,130,6916.060000000005,53.200461538461575,0.1076923076923077,0.0,3.9302325581395348
50c9975695009e5e6473912e83a6d1da,MG,50,50,6883.950000000002,137.67900000000003,0.14,0.0,3.938775510204082
0bf0150d5b9d60d9cd2906003332f085,SP,39,39,6872.340000000001,176.2138461538462,0.20512820512820512,0.0,3.789473684210526
dfc5fb7259bb2b599ca565e6e9448f0f,SP,33,33,6845.980000000001,207.45393939393944,0.030303030303030304,0.0,4.121212121212121
b6d44737c043328708f6749c2dbe50bd,SP,62,61,6834.009999999999,112.03295081967212,0.06451612903225806,0.016129032258064516,4.467741935483871
bba74270a87732727b5a3b4fd9ac1c39,MG,36,36,6760.440000000001,187.79000000000005,0.0,0.0,3.9722222222222223
3df020b72d3d44b3af9d110fa3940b65,SP,55,55,6749.47,122.71763636363637,0.12727272727272726,0.0,4.054545454545455
b4a476fbd28de64b1e347abf9089366a,SP,33,33,6735.95,204.11969696969697,0.09090909090909091,0.0,3.84375
98dac6635aee4995d501a3972e047414,SP,91,91,6675.370000000001,73.3557142857143,0.08791208791208792,0.0,4.144444444444445
9baf5cb77970f539089d09a38bcec5c3,SP,32,32,6673.4000000000015,208.54375000000005,0.0,0.0,4.3125
f181738b150df1f37cb0bd72e705b193,SP,36,36,6632.749999999998,184.24305555555551,0.1111111111111111,0.0,4.472222222222222
dfa0c4c6229ab200a4a1336b4d7128ff,SC,77,77,6544.21,84.98974025974026,0.03896103896103896,0.0,4.0
94e93ce877be27a515118dbfd2c2be41,SP,30,30,6542.72,218.09066666666666,0.0,0.0,3.9310344827586206
dbd66278cbfe1aa1000f90a217ca4695,SP,85,85,6472.769999999999,76.15023529411764,0.058823529411764705,0.0,4.511904761904762
0d85bbda9889ce1f7e63778d24f346eb,MG,51,51,6469.7,126.85686274509804,0.11764705882352941,0.0,4.2
23613d49c3ac2bd302259e55c06c050c,SP,70,70,6460.759999999999,92.29657142857143,0.14285714285714285,0.0,3.8260869565217392
45ba18c210d42734ec52c0c1c574e9ee,SP,38,37,6452.18,174.38324324324324,0.05263157894736842,0.02631578947368421,3.8684210526315788
7d76b645482be4a332374e8223836592,SP,176,176,6431.540000000006,36.54284090909095,0.11363636363636363,0.0,3.9597701149425286
fc906263ca5083d09dce42fe02247800,MG,114,114,6383.279999999998,55.9936842105263,0.0,0.0,4.368421052631579
709e16e2b25c7474d980076c6bfc4806,SP,60,60,6378.8600000000015,106.31433333333335,0.03333333333333333,0.0,4.516666666666667
e62b2d6ac10570a035a30bafcf01d263,SP,62,62,6375.469999999999,102.83016129032256,0.12903225806451613,0.0,3.9661016949152543
1336efc61c316ddf92c899eb817f7cae,SP,74,74,6355.289999999999,85.88229729729728,0.0945945945945946,0.0,4.0
f84fa566034f5e8e880a07ec624c56af,SP,91,91,6326.699999999999,69.52417582417581,0.13186813186813187,0.0,4.211111111111111
83deb69e889cf80f82be1dc6d5f2d486,SC,40,40,6276.65,156.91625,0.05,0.0,4.325
b39d7fe263ef469605dbb32608aee0af,SP,44,44,6255.7699999999995,142.1765909090909,0.045454545454545456,0.0,3.883720930232558
06579cb253ecd5a3a12a9e6eb6bf8f47,SP,62,62,6226.610000000002,100.42919354838713,0.12903225806451613,0.0,4.080645161290323
23c38debaffe4a25a30fdbd9b586a13f,SP,41,41,6216.56,151.62341463414634,0.14634146341463414,0.0,4.317073170731708
abcd2cb37d46c2c8fb1bf071c859fc5b,MT,45,45,6200.619999999999,137.79155555555553,0.044444444444444446,0.0,4.2444444444444445
7e3f87d16fb353f408d467e74fbd8014,SP,92,92,6193.7,67.32282608695652,0.11956521739130435,0.0,4.130434782608695
4917cee8d902e13428c3ec4b1ca6f315,SC,33,31,6178.339999999998,199.3012903225806,0.030303030303030304,0.06060606060606061,4.15625
afe0067131b73e40875c9b6c10bd2e21,MG,46,45,6151.589999999999,136.70199999999997,0.043478260869565216,0.021739130434782608,4.2
1bb2bdb95f4841f1bba2c0d2cd83d3c9,SP,81,81,6149.270000000001,75.91691358024693,0.07407407407407407,0.0,4.6375
9674754b5a0cb32b638cec001178f799,SP,86,84,6137.879999999997,73.06999999999996,0.03488372093023256,0.023255813953488372,4.0602409638554215
d566c37fa119d5e66c4e9052e83ee4ea,SP,65,65,6124.919999999998,94.22953846153844,0.03076923076923077,0.0,4.6875
f680f85bee2d253556ac91be391d2c82,SP,45,45,6077.34,135.052,0.022222222222222223,0.0,4.333333333333333
8bb48dc19fccaa8613b6229bf7f452a2,SP,82,82,6048.120000000005,73.75756097560982,0.024390243902439025,0.0,4.414634146341464
e067ad2c1c0b48758eb1b5228bcf7a68,SP,54,54,6047.9100000000035,111.99833333333339,0.09259259259259259,0.0,4.148148148148148
f67efa3f0b6761102a7f8c6b7b571f5d,PR,31,31,6030.169999999999,194.5216129032258,0.0,0.0,4.483870967741935
0176f73cc1195f367f7b32db1e5b3aa8,SP,38,38,6020.110000000001,158.42394736842107,0.10526315789473684,0.0,4.078947368421052
835f0f7810c76831d6c7d24c7a646d4d,SP,44,43,6006.390000000002,139.68348837209308,0.29545454545454547,0.022727272727272728,3.340909090909091
0cbcee27c791afa0cdcb08587a2013a8,MG,39,38,5987.8,157.57368421052632,0.10256410256410256,0.02564102564102564,3.8461538461538463
acce39e832338debb07b02385cde5967,MG,44,44,5923.660000000001,134.6286363636364,0.0,0.0,4.4772727272727275
8b9d6eec4a7eb7d0f9d579ce0b38324d,RJ,49,49,5916.980000000002,120.75469387755106,0.16326530612244897,0.0,4.0
3ab971ce71839580d2ae5b4e40fe8044,SP,36,36,5899.05,163.8625,0.08333333333333333,0.0,3.911764705882353
3c7c4a49ec3c6550809089c6a2ca9370,SP,141,141,5858.30000000001,41.54822695035468,0.07801418439716312,0.0,3.6595744680851063
9add47bf45ce8e8c7db6b9cf670b1e09,PR,43,42,5847.280000000001,139.22095238095238,0.023255813953488372,0.023255813953488372,4.166666666666667
5b179e9e8cc7ab6fd113a46ca584da81,SP,34,34,5839.1399999999985,171.73941176470584,0.08823529411764706,0.0,3.6666666666666665
30a2f535bb48308f991d0b9ad4a8c4bb,SP,71,71,5815.359999999996,81.90647887323938,0.028169014084507043,0.0,4.28169014084507
2ff97219cb8622eaf3cd89b7d9c09824,SP,89,88,5809.630000000006,66.0185227272728,0.056179775280898875,0.011235955056179775,4.52808988764045
b561927807645834b59ef0d16ba55a24,SP,85,85,5807.030000000004,68.31800000000005,0.1411764705882353,0.0,4.333333333333333
bbad7e518d7af88a0897397ffdca1979,SP,69,69,5800.420000000001,84.0640579710145,0.15942028985507245,0.0,3.161764705882353
f789d2c4f2c2eb38fc4373e7a4b35264,MG,44,44,5733.240000000001,130.3009090909091,0.045454545454545456,0.0,4.159090909090909
cac4c8e7b1ca6252d8f20b2fc1a2e4af,SP,75,75,5722.54,76.30053333333333,0.22666666666666666,0.0,3.5616438356164384
582d4f8675b945722eda7c0cb61ba4c7,SP,59,59,5683.930000000001,96.3377966101695,0.01694915254237288,0.0,4.1525423728813555
fad44952713764836814be105382aee5,RJ,32,32,5636.880000000001,176.15250000000003,0.03125,0.0,4.28125
ad420dd0c4f92f8af951ac24b86d0cf5,MG,42,42,5618.400000000001,133.77142857142857,0.07142857142857142,0.0,4.125
d20b021d3efdf267a402c402a48ea64b,SP,90,89,5617.370000000001,63.116516853932595,0.16666666666666666,0.011111111111111112,3.7241379310344827
11bfa66332777660bd0640ee84d47006,SP,76,76,5608.540000000001,73.79657894736843,0.15789473684210525,0.0,3.8947368421052633
cc5a78bbad32776dc4e3af205218368c,MG,33,33,5573.35,168.88939393939395,0.030303030303030304,0.0,4.454545454545454
ef990a83bbea832f36ebe81376335aa8,SC,43,43,5557.239999999999,129.2381395348837,0.2558139534883721,0.0,3.627906976744186
822166ed1e47908f7cfb49946d03c726,RJ,69,69,5535.950000000001,80.23115942028987,0.014492753623188406,0.0,4.029850746268656
d673a59aac7a70d8b01e6902bf090a11,SP,79,79,5499.56,69.6146835443038,0.10126582278481013,0.0,3.8974358974358974
834f8533b2ecb6598dd004ff3de7203a,SP,43,43,5496.310000000001,127.8211627906977,0.13953488372093023,0.0,3.813953488372093
951e8cef368f09bb3f3d03c00ca4702c,SP,64,64,5493.09,85.82953125,0.078125,0.0,4.081967213114754
d66c305afaec317ebee552073a674429,MG,41,40,5464.490000000002,136.61225000000005,0.024390243902439025,0.024390243902439025,4.317073170731708
45d33f715e24d15a6ccf5c17b3a23e3c,SP,59,57,5450.06,95.61508771929826,0.06779661016949153,0.03389830508474576,4.016949152542373
0ef83d7d83ed97cd2a0049ac8be5f88a,PR,48,48,5447.8099999999995,113.49604166666666,0.020833333333333332,0.0,4.148936170212766
42b729f859728f5079499127a9c2ef37,SP,104,104,5434.07,52.25067307692307,0.07692307692307693,0.0,4.466019417475728
c68fb906c8f4b4b946d8386bfa6e5467,SP,45,45,5433.6100000000015,120.74688888888892,0.022222222222222223,0.0,4.534883720930233
8bd0f31cf0a614c658f6763bd02dea69,SP,33,33,5423.319999999998,164.34303030303025,0.030303030303030304,0.0,4.28125
db4350fd57ae30082dec7acbaacc17f9,SP,137,137,5421.640000000005,39.57401459854018,0.0364963503649635,0.0,4.139705882352941
891071be6ba827b591264c90c2ae8a63,SP,92,91,5416.580000000002,59.52285714285716,0.16304347826086957,0.010869565217391304,3.7717391304347827
a3dd39f583bc80bd8c5901c95878921e,BA,34,34,5412.16,159.18117647058824,0.029411764705882353,0.0,4.588235294117647
4c498c7345e89aebad651544829beca0,SP,48,48,5389.759999999999,112.28666666666665,0.125,0.0,4.291666666666667
6860153b69cc696d5dcfe1cdaaafcf62,SP,74,74,5318.2300000000005,71.86797297297298,0.0945945945945946,0.0,4.095890410958904
715bbd5ba4e6b74cb0d2f29eb45058b0,SP,62,62,5315.879999999999,85.73999999999998,0.08064516129032258,0.0,4.467741935483871
beadbee30901a7f61d031b6b686095ad,SP,64,64,5311.520000000001,82.99250000000002,0.25,0.0,3.90625
65febd49fd28ec955651299159b1f527,SP,35,35,5301.140000000002,151.46114285714293,0.05714285714285714,0.0,4.314285714285714
d12c926d74ceff0a90a21184466ce161,SP,78,78,5192.82,66.57461538461538,0.01282051282051282,0.0,4.363636363636363
99002261c568a84cce14d43fcffb43ea,MT,36,36,5188.330000000001,144.1202777777778,0.08333333333333333,0.0,3.7222222222222223
0509040ea3fe50071181bbc359eb7738,MG,89,89,5183.0999999999985,58.23707865168538,0.06741573033707865,0.0,4.476744186046512
232a6014e7b10cba61c6c2b2ea6bb4b0,SP,33,33,5133.269999999999,155.55363636363631,0.06060606060606061,0.0,4.15625
f0b47fbbc6dee9aafe415a6e33051b3f,SP,68,68,5132.1900000000005,75.47338235294119,0.10294117647058823,0.0,4.220588235294118
6fc26fe110feebd80a433e1f012a84f9,SP,35,35,5128.060000000001,146.51600000000005,0.11428571428571428,0.0,3.911764705882353
b90e891671cffd9557f33a97dc523645,PR,34,34,5081.31,149.45029411764708,0.0,0.0,4.323529411764706
8a130737016f838139d31878787a39c9,SP,56,56,5064.320000000001,90.43428571428572,0.07142857142857142,0.0,4.446428571428571
6ec1a01e866584bb679eb9b098345919,SP,31,31,5063.759999999999,163.34709677419352,0.1935483870967742,0.0,4.133333333333334
bccf933e006e9b94a6184af782963e77,SP,45,45,5047.210000000001,112.16022222222225,0.022222222222222223,0.0,4.5227272727272725
99a54764c341d5dc80b4a8fac4eba3fb,SP,45,45,5026.2599999999975,111.6946666666666,0.2,0.0,3.6136363636363638
827f8f69dfa529c561901c4f2e0f332f,PR,91,91,5003.960000000001,54.98857142857144,0.0989010989010989,0.0,4.295454545454546
382229d1e840115ffe3dbf5ff460e417,RJ,46,46,4966.620000000001,107.97000000000001,0.10869565217391304,0.0,4.217391304347826
6b3bd31ad8fcda4b2635ec9f3ff2ecdf,RJ,36,36,4955.92,137.66444444444446,0.08333333333333333,0.0,4.0
fde0cc9ea29c8ccfc0a2c22256a58c71,PR,35,35,4921.2699999999995,140.60771428571428,0.02857142857142857,0.0,4.485714285714286
3c03b12bab54d8b37d79d914bfdb1aa0,RJ,37,37,4919.770000000001,132.96675675675678,0.16216216216216217,0.0,3.8333333333333335
b17b679f4f5ce2e03ce6968c62648246,SP,55,53,4908.12,92.60603773584906,0.16363636363636364,0.03636363636363636,3.709090909090909
1b938a7ec6ac5061a66a3766e0e75f90,SP,30,30,4897.829999999999,163.26099999999997,0.03333333333333333,0.0,4.310344827586207
b76dba6c951ab00dc4edf0a1aa88037e,SP,159,159,4881.880000000006,30.703647798742175,0.031446540880503145,0.0,4.178343949044586
ec8879960bd2221d5c32f8e12f7da711,SP,36,36,4881.38,135.5938888888889,0.16666666666666666,0.0,4.314285714285714
55a5b51f93f2b70ea513f5a047b0262a,MG,39,39,4849.379999999999,124.34307692307691,0.07692307692307693,0.0,4.461538461538462
f3da5b2ff499efb8d4a6d371d175d7dd,SP,79,79,4826.860000000001,61.09949367088608,0.13924050632911392,0.0,3.83974358974359
43f8c9950d11ecd03a0304a49e010da6,SP,41,41,4807.22,117.24926829268293,0.07317073170731707,0.0,4.560975609756097
e49c26c3edfa46d227d5121a6b6e4d37,PE,35,34,4765.66,140.16647058823528,0.0,0.02857142857142857,4.457142857142857
520b493b57809f446cb0a233bb3e25c7,SP,63,63,4762.869999999999,75.6011111111111,0.031746031746031744,0.0,4.2936507936507935
cd6efc47efaabf134f8bdb654e10b4f1,RJ,31,31,4757.16,153.45677419354837,0.0967741935483871,0.0,4.483870967741935
95f83f51203c626648c875dd41874c7f,MG,52,51,4730.500000000001,92.75490196078434,0.057692307692307696,0.019230769230769232,3.6470588235294117
3f3486b61f45078d4f31ee5e43d8c5bb,SP,40,40,4726.569999999999,118.16424999999997,0.15,0.0,4.325
81f89e42267213cb94da7ddc301651da,SP,46,46,4721.180000000001,102.63434782608698,0.0,0.0,3.6739130434782608
8f119a0aee85c0c8fc534629734e94fd,SP,77,76,4718.600000000001,62.08684210526317,0.05194805194805195,0.012987012987012988,4.246753246753247
602044f2c16190c2c6e45eb35c2e21cb,SP,50,50,4677.44,93.54879999999999,0.18,0.0,3.142857142857143
1eade46fba20122dc4aefb379f8c636b,SP,58,58,4673.710000000001,80.58120689655173,0.13793103448275862,0.0,4.431034482758621
8cbac7e12637ed9cffa18c7875207478,SC,67,67,4654.3499999999985,69.46791044776117,0.05970149253731343,0.0,4.119402985074627
bf3c6d2a28b2b5501e6c15448982dcc9,SP,35,35,4648.15,132.8042857142857,0.02857142857142857,0.0,4.6
6a0cbc8af2e8abd1bdfb777943d174c6,SP,35,35,4639.419999999999,132.55485714285712,0.08571428571428572,0.0,4.0588235294117645
3f995f07c49d0d55a99d5c54957f7d81,SP,43,43,4627.199999999999,107.60930232558137,0.023255813953488372,0.0,4.209302325581396
406822777a0b9eb5c50e442dd4cd3ec5,SP,45,45,4596.340000000001,102.14088888888891,0.13333333333333333,0.0,4.295454545454546
d5ba419e26d246a0719437cf37d9b46d,SP,34,34,4581.509999999999,134.75029411764703,0.11764705882352941,0.0,3.909090909090909
f4aba7c0bca51484c30ab7bdc34bcdd1,SP,110,110,4557.5,41.43181818181818,0.06363636363636363,0.0,3.9444444444444446
4559697a8f7e637227c2eeaed843baff,SP,42,42,4474.269999999999,106.53023809523806,0.07142857142857142,0.0,4.0256410256410255
56642bcb79900e777d68e91915cb4267,SP,48,48,4471.789999999999,93.16229166666665,0.08333333333333333,0.0,4.0625
f00e21b1e91a79653163b7fd8f293ff1,SP,31,31,4471.06,144.2277419354839,0.03225806451612903,0.0,4.1
02f5837340d7eb4f653d676c7256523a,PR,30,30,4463.880000000001,148.79600000000002,0.03333333333333333,0.0,4.833333333333333
66dc1b1632bd6a3e508510c5b3492107,SP,37,37,4449.259999999999,120.25027027027025,0.02702702702702703,0.0,3.5675675675675675
14d7985702e72162bbf13b6beb74ab2b,SP,37,37,4441.000000000001,120.02702702702705,0.13513513513513514,0.0,4.324324324324325
870d0118f7a9d85960f29ad89d5d989a,MG,45,45,4428.03,98.40066666666667,0.044444444444444446,0.0,4.023255813953488
1b8356dabde1d35e17cef975c3f82730,SP,56,56,4413.610000000001,78.8144642857143,0.017857142857142856,0.0,4.166666666666667
070d165398b553f3b4b851c216b8a358,SP,32,32,4396.750000000001,137.39843750000003,0.15625,0.0,3.3225806451612905
3d8fa2f5b647373c8620330c4e077a9f,SP,43,43,4390.549999999998,102.10581395348834,0.023255813953488372,0.0,4.154761904761905
96804ea39d96eb908e7c3afdb671bb9e,MG,38,38,4365.759999999999,114.88842105263156,0.02631578947368421,0.0,4.052631578947368
2745f798279e0ed033addcc1474776d7,SP,32,32,4364.99,136.4059375,0.09375,0.0,3.967741935483871
3c4e0452bff7a2a788179488d3d77032,PR,32,32,4352.52,136.01625,0.03125,0.0,3.838709677419355
6481e96574816ead57975da2c0f6d80d,SP,32,32,4340.86,135.651875,0.03125,0.0,4.161290322580645
276677b5d08786d5dce7c2149dcce48b,MG,33,33,4320.64,130.92848484848486,0.09090909090909091,0.0,3.96875
4c18691b6037662be2df78a765d98ab5,SP,63,63,4316.51,68.51603174603174,0.07936507936507936,0.0,3.873015873015873
e8f6dc8e6a1dcde89d20e3995c8d90b3,SP,36,36,4308.0199999999995,119.66722222222221,0.08333333333333333,0.0,3.9166666666666665
643214e62b870443ccbe55ab29a4dccf,SP,66,66,4199.780000000001,63.63303030303031,0.12121212121212122,0.0,4.4
5d3bb11474a06bdc23fb9e89f1164ee0,SP,31,31,4178.820000000001,134.80064516129033,0.03225806451612903,0.0,3.903225806451613
3bdff180c7e1f6551a643b99c265a120,SP,59,59,4161.859999999999,70.53999999999998,0.05084745762711865,0.0,4.086206896551724
71039d19d4303bf9054d69e9a9236699,SP,35,35,4158.649999999999,118.81857142857139,0.22857142857142856,0.0,3.8
9646c3513289980f17226a2fc4720dbd,SP,71,69,4152.2300000000005,60.1772463768116,0.028169014084507043,0.028169014084507043,4.352112676056338
2d50d6282f8aa2257819a77bfaa0efe0,SP,44,44,4151.5199999999995,94.35272727272726,0.13636363636363635,0.0,3.7045454545454546
33ac3e28642ab8bda860a2f693000e78,SP,34,34,4151.12,122.09176470588235,0.0,0.0,4.205882352941177
594f9aaa48e5bf431f011ddc5669b0d5,MG,37,37,4136.41,111.79486486486486,0.02702702702702703,0.0,4.594594594594595
d57e18d5f73c7ccb7f7339b61166898d,SP,61,61,4111.1900000000005,67.39655737704919,0.03278688524590164,0.0,4.426229508196721
1838dd9b8977065acf51d95e0053ea7a,MG,64,64,4075.880000000001,63.685625000000016,0.046875,0.0,4.265625
6b90f847357d8981edd79a1eb1bf0acb,SP,45,45,4059.729999999999,90.2162222222222,0.044444444444444446,0.0,4.340909090909091
994f04b3718c2bab35c2adfa8afecd2a,SP,49,47,4044.4500000000003,86.05212765957448,0.08163265306122448,0.04081632653061224,4.244897959183674
dd533b429f380718b70ad9922c294bae,SP,41,41,3970.9799999999996,96.85317073170731,0.12195121951219512,0.0,3.7804878048780486
4da0e408c99d2fdc2126dc9fce518060,PR,44,44,3964.73,90.1075,0.0,0.0,4.4186046511627906
b1ac6ea7895bc3dd6f0f6f4abbdd2821,RS,40,40,3964.330000000001,99.10825000000003,0.0,0.0,4.35
f7ccf836d21b2fb1de37564105216cc1,SP,70,70,3910.4399999999996,55.863428571428564,0.1,0.0,3.8507462686567164
c9aafcd0621b2207c10e32c649cada4d,SP,44,44,3885.8999999999987,88.31590909090906,0.09090909090909091,0.0,4.0227272727272725
0c7533c71df861ec58ad7ff999ed0e8d,SP,61,61,3863.51,63.33622950819672,0.04918032786885246,0.0,4.147540983606557
aae3bfea055532c57fb453ed3ec80b30,SP,48,48,3857.1699999999987,80.3577083333333,0.0,0.0,3.595744680851064
5f1dc28029d2c244352a68107ec2b542,SP,62,62,3803.4599999999973,61.34612903225802,0.06451612903225806,0.0,4.416666666666667
c8b3445d737de6befde0c88ede534a5e,SP,30,30,3800.7899999999995,126.69299999999998,0.03333333333333333,0.0,4.433333333333334
432c37c9dfba871172ec162e20118b8c,DF,46,45,3782.12,84.04711111111111,0.08695652173913043,0.021739130434782608,4.108695652173913
a17f621c590ea0fab3d5d883e1630ec6,SP,65,63,3772.2699999999977,59.87730158730155,0.07692307692307693,0.03076923076923077,4.063492063492063
cb3dd9ce66268c7a3ca7241ac70ab58c,SP,50,49,3704.9200000000005,75.61061224489796,0.06,0.02,4.142857142857143
5c6d4016c2a288f074fa0848a2b653d2,SP,32,32,3673.170000000001,114.78656250000003,0.09375,0.0,4.0625
0ebd97a106433a45a4aebe57c1799778,MG,31,31,3661.680000000001,118.11870967741939,0.0,0.0,4.483870967741935
a6fe7de3d16f6149ffe280349a8535a0,SP,51,51,3647.420000000002,71.51803921568631,0.1568627450980392,0.0,3.98
318f287a62ab7ac10b703ac37435a231,SP,52,52,3634.5999999999985,69.89615384615382,0.09615384615384616,0.0,3.8653846153846154
cce6ab8d1682639fe45ab70234f1665f,SP,63,62,3633.6699999999983,58.60758064516126,0.047619047619047616,0.015873015873015872,4.39344262295082
d93919c944be9cff128f6c9cb899eacb,SP,33,33,3624.010000000001,109.81848484848489,0.18181818181818182,0.0,4.0
2a1348e9addc1af5aaa619b1a3679d6b,MG,52,51,3566.2700000000004,69.92686274509805,0.25,0.019230769230769232,3.1176470588235294
974cf2cb8f4b7add98709c30df02fe10,SP,33,33,3559.68,107.8690909090909,0.030303030303030304,0.0,4.0606060606060606
20d83f3ef0e6925fd74bfd59170babf7,SP,40,40,3557.2100000000005,88.93025000000002,0.05,0.0,4.4
b335c59ab742f751a85db9c411a86739,MG,33,32,3426.7400000000002,107.08562500000001,0.030303030303030304,0.030303030303030304,3.8484848484848486
f7720c4fa8e3aba4546301ab80ea1f1b,PR,60,60,3418.9700000000003,56.98283333333334,0.05,0.0,4.208333333333333
1ce3ae5a399804d1a87e706f8a813c3e,SC,40,40,3416.6899999999996,85.41725,0.1,0.0,3.710526315789474
5cbbd5a299cab112b7bf23862255e43e,PR,36,36,3385.21,94.03361111111111,0.0,0.0,4.277777777777778
3fd1e727ba94cfe122d165e176ce7967,SP,37,36,3343.419999999999,92.87277777777776,0.1891891891891892,0.02702702702702703,3.861111111111111
31561f325664a8a7aba4c8d0c3a9b3db,SP,36,36,3329.3600000000006,92.48222222222223,0.027777777777777776,0.0,4.638888888888889
fd386aa7bed2af3c7035c65506c9b4a3,SP,69,69,3316.1700000000014,48.060434782608716,0.10144927536231885,0.0,4.3478260869565215
33576ec5412fb5905d876f12f33bfde6,PR,31,31,3287.979999999999,106.0638709677419,0.03225806451612903,0.0,4.096774193548387
cd06602b43d8800bd0afad514919d35c,SP,44,43,3287.8500000000004,76.46162790697676,0.045454545454545456,0.022727272727272728,3.6818181818181817
efcd8d2104f1a05d028af7bad20d974b,SP,47,47,3280.190000000001,69.7912765957447,0.02127659574468085,0.0,4.2272727272727275
850913d59ce317156b00f3705f1c3edb,SP,32,31,3220.9299999999994,103.90096774193546,0.15625,0.03125,3.4375
4992e76a42cb3aad7a7047e0d3d7e729,SP,57,57,3218.5700000000015,56.46614035087722,0.07017543859649122,0.0,3.912280701754386
6338ea67c41078a46ad99cc009654956,RS,37,37,3210.3900000000003,86.7672972972973,0.0,0.0,4.6
ede0c03645598cdfc63ca8237acbe73d,SP,46,45,3175.0999999999995,70.55777777777777,0.32608695652173914,0.021739130434782608,3.522727272727273
b74d1c09cb380e1d03a6f859c6f4224b,RJ,31,31,3053.2000000000003,98.49032258064517,0.12903225806451613,0.0,4.258064516129032
3504c0cb71d7fa48d967e0e4c94d59d9,SP,53,53,3037.3100000000004,57.30773584905661,0.0,0.0,4.415094339622642
5a93f3ab0ef4c84ed5e1b5dbf23978bc,SP,39,39,3035.39,77.83051282051282,0.02564102564102564,0.0,4.684210526315789
0bb738e4d789e63e2267697c42d35a2d,SP,30,30,3030.6400000000003,101.02133333333335,0.03333333333333333,0.0,4.6
1d4587203296c8f4ad134dc286fa6db0,SP,42,42,3027.5399999999995,72.0842857142857,0.047619047619047616,0.0,4.285714285714286
f214d28e8d8e3ef068748498ccc2f813,SP,54,54,3021.52,55.95407407407407,0.07407407407407407,0.0,4.150943396226415
b56906f7fd1696e043f1bcce164c487b,SP,40,40,2995.4200000000005,74.88550000000001,0.05,0.0,4.0
d3f39f05462b79a4562d35893a28f159,SP,34,34,2968.770000000001,87.31676470588238,0.11764705882352941,0.0,3.6470588235294117
323ce52b5b81df2cd804b017b7f09aa7,SP,30,30,2955.6700000000005,98.52233333333335,0.16666666666666666,0.0,4.310344827586207
116ccb1a1604bc88e4d234a8c23f33de,SP,61,61,2948.3300000000004,48.333278688524594,0.06557377049180328,0.0,4.639344262295082
daeb5653dd96c1b11860f72209795012,MG,40,40,2938.0600000000004,73.45150000000001,0.075,0.0,4.0875
5160d23075764e18e07c1f4a87fad743,SP,34,33,2837.640000000001,85.98909090909093,0.029411764705882353,0.029411764705882353,4.382352941176471
0ed6ce5d87fd9c69eaacaeb778d67235,SP,43,43,2829.250000000001,65.796511627907,0.13953488372093023,0.0,4.404761904761905
c013e57c075a06e5b5c48ee03c525719,SP,42,42,2828.6599999999994,67.34904761904761,0.07142857142857142,0.0,4.238095238095238
729b2d09b2a0bdab221076327f13d050,SP,49,49,2768.6600000000003,56.50326530612246,0.08163265306122448,0.0,4.489795918367347
0ffa40d54288e4f3499b8780dd0f144f,SP,33,33,2746.47,83.22636363636363,0.15151515151515152,0.0,4.484848484848484
e38db885400cd35c71dfd162f2c1dbcf,DF,30,30,2737.5499999999997,91.25166666666665,0.13333333333333333,0.0,4.466666666666667
6df688df543f90e9b38f4319e75a9d88,MG,40,40,2733.56,68.339,0.0,0.0,4.575
78c99c6dff4eeae5be99bf635ed21e3f,SP,31,31,2695.7700000000004,86.96032258064517,0.0967741935483871,0.0,4.419354838709677
7f7b8245c336066a1f9933c359f11d77,SP,38,38,2630.23,69.21657894736842,0.02631578947368421,0.0,4.552631578947368
dc8798cbf453b7e0f98745e396cc5616,SP,41,40,2623.92,65.598,0.04878048780487805,0.024390243902439025,3.048780487804878
bf84056e679dbe9c69929847a40e338f,SP,36,36,2477.320000000001,68.81444444444448,0.08333333333333333,0.0,3.75
c8467937e403e76a8ee9f0ab13f6f5ef,MG,30,30,2442.7400000000007,81.4246666666667,0.13333333333333333,0.0,4.071428571428571
25cf099de44674fde97473224f9d59ab,SP,50,50,2359.5499999999997,47.190999999999995,0.04,0.0,4.326530612244898
3586b8580d9c917874e053a1bb37b5ff,SP,36,36,2352.3500000000004,65.34305555555557,0.027777777777777776,0.0,4.416666666666667
2a6fbeaa7ab9e5d59a35841a8da71ce4,SC,30,30,2265.28,75.50933333333334,0.06666666666666667,0.0,3.9310344827586206
d9a84e1403de8da0c3aa531d6d108ba6,SP,54,54,2157.3399999999997,39.950740740740734,0.05555555555555555,0.0,4.509433962264151
9b00ed88b7fdb95d6ff76e27c1b52d16,SP,47,46,2135.6799999999994,46.42782608695651,0.06382978723404255,0.02127659574468085,4.468085106382978
75fbb52eda0cbc24f479d3b2fbfa8d3e,GO,40,39,2028.9799999999996,52.02512820512819,0.05,0.025,4.358974358974359
002100f778ceb8431b7a1020ff7ab48f,SP,51,51,2028.16,39.76784313725491,0.17647058823529413,0.0,3.9019607843137254
e63e8bfa530fb16910dd6956e592bb81,SP,42,42,1979.1699999999998,47.12309523809523,0.047619047619047616,0.0,4.238095238095238
718539d38d07dd351c76db862760e2e2,SP,37,35,1907.61,54.503142857142855,0.0,0.05405405405405406,4.4324324324324325
138dbe45fc62f1e244378131a6801526,SP,49,49,1814.8000000000009,37.03673469387757,0.04081632653061224,0.0,4.081632653061225
01fd077212124329bac32490e8ef80d9,SP,31,31,1783.3600000000006,57.52774193548389,0.03225806451612903,0.0,4.161290322580645
5f3ae9136c875522250f8184f253413a,SP,43,43,1773.7600000000002,41.25023255813954,0.06976744186046512,0.0,4.642857142857143
20cb7c2fde3e5bf10f0bbe7394e1c6a9,PR,32,32,1660.2800000000004,51.88375000000001,0.09375,0.0,4.0
113e3a788b935f48aad63e1c41dac1bd,SP,39,39,1533.9500000000003,39.33205128205129,0.05128205128205128,0.0,4.315789473684211
1caf283236cd69af44cbc09a0a1e7d32,RJ,33,33,1530.2499999999998,46.37121212121212,0.09090909090909091,0.0,4.606060606060606
4e06067cc08b3f41d837768d392c3ee3,MG,31,31,1514.2499999999998,48.84677419354838,0.03225806451612903,0.0,4.129032258064516
325f3178fb58e2a9778334621eecdbf9,SP,36,36,1433.3700000000001,39.81583333333334,0.0,0.0,4.444444444444445
18e694e0e48ed6f7aa3f24aade5fd697,SP,31,31,1205.7700000000004,38.89580645161292,0.03225806451612903,0.0,4.67741935483871
48efc9d94a9834137efd9ea76b065a38,PR,33,33,666.0000000000001,20.181818181818187,0.0,0.0,5.0
